id,name,cost,ict_index,total_points,points_per_game,form,status,starts_per_90,position,team,season
0,Fábio Ferreira Vieira,54,0.0,0,0.0,0.0,u,0.0,MID,ARS,25
1,Gabriel Fernando de Jesus,68,11.7,6,0.7,0.7,a,0.74,FWD,ARS,25
2,Gabriel dos Santos Magalhães,61,50.1,45,4.1,1.7,a,1.04,DEF,ARS,25
3,Kai Havertz,80,73.1,46,4.2,1.3,a,1.0,FWD,ARS,25
4,Karl Hein,40,0.0,0,0.0,0.0,u,0.0,GKP,ARS,25
5,Jurriën Timber,55,28.5,24,2.7,1.7,a,1.05,DEF,ARS,25
6,Jorge Luiz Frello Filho,48,2.7,4,1.3,0.0,a,1.17,MID,ARS,25
7,Jakub Kiwior,48,1.7,3,0.8,0.3,a,0.0,DEF,ARS,25
8,Gabriel Martinelli Silva,69,64.0,47,4.3,4.0,a,1.06,MID,ARS,25
9,Ethan Nwaneri,45,5.0,5,1.0,0.7,a,0.0,MID,ARS,25
10,Martin Ødegaard,82,25.5,14,3.5,2.3,a,1.05,MID,ARS,25
11,David Raya Martin,55,28.8,42,3.8,1.7,a,1.0,GKP,ARS,25
12,Declan Rice,63,46.9,19,1.9,3.0,d,1.08,MID,ARS,25
13,Bukayo Saka,101,113.4,67,6.7,4.3,d,1.1,MID,ARS,25
14,William Saliba,60,20.1,23,2.3,1.3,a,1.07,DEF,ARS,25
15,Thomas Partey,50,37.2,31,2.8,2.0,a,1.02,MID,ARS,25
16,Kieran Tierney,43,0.0,0,0.0,0.0,i,0.0,DEF,ARS,25
17,Tomiyasu Takehiro,48,1.0,1,1.0,0.0,i,0.0,DEF,ARS,25
18,Leandro Trossard,69,41.4,31,2.8,1.7,d,1.08,MID,ARS,25
19,Benjamin White,62,21.3,27,3.0,2.0,d,0.91,DEF,ARS,25
20,Oleksandr Zinchenko,48,2.7,8,2.7,0.3,a,0.84,DEF,ARS,25
21,Norberto Murara Neto,43,7.8,7,3.5,0.0,a,1.0,GKP,ARS,25
22,Raheem Sterling,67,6.7,4,1.0,0.0,a,1.49,MID,ARS,25
23,Riccardo Calafiori,58,26.2,14,2.3,0.0,d,0.94,DEF,ARS,25
24,Myles Lewis-Skelly,45,0.6,1,0.5,0.3,a,0.0,MID,ARS,25
25,Mikel Merino,60,20.7,13,2.6,3.3,a,0.97,MID,ARS,25
26,Salah-Eddine Oulad M'hand,45,0.0,0,0.0,0.0,a,0.0,MID,ARS,25
27,Tommy Setford,45,0.0,0,0.0,0.0,a,0.0,GKP,ARS,25
28,Maldini Kacurri,40,0.0,0,0.0,0.0,a,0.0,DEF,ARS,25
29,Ayden Heaven,40,0.0,0,0.0,0.0,a,0.0,DEF,ARS,25
30,Ismeal Kabia,45,0.0,0,0.0,0.0,a,0.0,MID,ARS,25
31,Josh Nichols,40,0.0,0,0.0,0.0,a,0.0,DEF,ARS,25
32,Nathan Butler-Oyedeji,45,0.0,0,0.0,0.0,a,0.0,FWD,ARS,25
33,Leon Bailey,63,26.5,21,2.1,2.3,a,1.26,MID,AVL,25
34,Ross Barkley,52,24.8,15,1.9,1.7,d,0.33,MID,AVL,25
35,Enzo Barrenechea,49,0.0,0,0.0,0.0,u,0.0,MID,AVL,25
36,Emiliano Buendía Stati,52,1.3,4,1.0,0.0,a,0.0,MID,AVL,25
37,Matty Cash,44,9.9,13,2.2,0.7,d,1.27,DEF,AVL,25
38,Leander Dendoncker,45,0.0,0,0.0,0.0,u,0.0,MID,AVL,25
39,Moussa Diaby,65,0.0,0,0.0,0.0,u,0.0,MID,AVL,25
40,Diego Carlos Santos Silva,45,10.8,12,2.0,0.3,a,0.77,DEF,AVL,25
41,Lucas Digne,47,47.8,37,3.4,3.0,a,1.18,DEF,AVL,25
42,Lewis Dobbin,50,0.0,0,0.0,0.0,u,0.0,MID,AVL,25
43,Jhon Durán,60,31.8,31,2.8,1.0,a,0.0,FWD,AVL,25
44,Joe Gauci,40,0.0,0,0.0,0.0,a,0.0,GKP,AVL,25
45,Kortney Hause,40,0.0,0,0.0,0.0,a,0.0,DEF,AVL,25
46,Samuel Iling-Junior,54,0.0,0,0.0,0.0,u,0.0,MID,AVL,25
47,Boubacar Kamara,50,0.9,2,0.7,0.7,d,0.0,MID,AVL,25
48,Kaine Kesler-Hayden,40,0.0,0,0.0,0.0,u,0.0,DEF,AVL,25
49,Ezri Konsa Ngoyo,44,28.2,20,2.0,1.0,d,1.1,DEF,AVL,25
50,Ian Maatsen,47,15.1,9,1.0,0.7,d,0.0,DEF,AVL,25
51,Filip Marschall,40,0.0,0,0.0,0.0,u,0.0,GKP,AVL,25
52,Emiliano Martínez Romero,50,24.5,32,2.9,1.3,a,1.0,GKP,AVL,25
53,John McGinn,52,17.7,15,1.7,1.7,a,1.14,MID,AVL,25
54,Tyrone Mings,44,0.0,0,0.0,0.0,a,0.0,DEF,AVL,25
55,Kosta Nedeljković,40,2.9,3,1.0,0.0,a,0.0,DEF,AVL,25
56,Robin Olsen,45,0.0,0,0.0,0.0,a,0.0,GKP,AVL,25
57,Pau Torres,45,22.4,19,1.7,1.0,d,1.0,DEF,AVL,25
58,Jacob Ramsey,54,33.7,22,2.2,1.3,d,1.0,MID,AVL,25
59,Morgan Rogers,54,63.3,45,4.1,3.7,a,1.1,MID,AVL,25
60,Viljami Sinisalo,40,0.0,0,0.0,0.0,u,0.0,GKP,AVL,25
61,Lino da Cruz Sousa,40,0.0,0,0.0,0.0,u,0.0,DEF,AVL,25
62,Youri Tielemans,55,69.0,34,3.1,1.3,a,1.02,MID,AVL,25
63,Ollie Watkins,90,66.8,55,5.0,2.0,a,1.18,FWD,AVL,25
64,Amadou Onana,49,41.7,31,3.1,1.3,d,1.28,MID,AVL,25
65,Jaden Philogene,53,3.1,5,0.7,0.7,a,0.46,MID,AVL,25
66,Lamare Bogarde,40,4.4,2,1.0,0.0,a,1.07,DEF,AVL,25
67,Sil Swinkels,40,0.0,0,0.0,0.0,a,0.0,DEF,AVL,25
68,Oliwier Zych,40,0.0,0,0.0,0.0,a,0.0,GKP,AVL,25
69,Kadan Young,45,0.0,0,0.0,0.0,a,0.0,MID,AVL,25
70,Max Aarons,43,0.0,0,0.0,0.0,a,0.0,DEF,BOU,25
71,Tyler Adams,49,5.8,3,1.0,1.0,a,0.91,MID,BOU,25
72,Jaidon Anthony,45,0.0,0,0.0,0.0,u,0.0,MID,BOU,25
73,David Brooks,49,3.2,4,1.0,1.0,a,0.0,MID,BOU,25
74,Ryan Christie,49,36.6,23,2.1,1.7,s,1.16,MID,BOU,25
75,Lewis Cook,50,56.8,36,3.3,3.0,a,1.01,MID,BOU,25
76,Enes Ünal,54,9.1,8,1.0,1.0,a,0.61,FWD,BOU,25
77,Romain Faivre,50,0.0,0,0.0,0.0,u,0.0,MID,BOU,25
78,Hamed Traorè,45,0.0,0,0.0,0.0,u,0.0,MID,BOU,25
79,James Hill,40,0.0,0,0.0,0.0,a,0.0,DEF,BOU,25
80,Daniel Jebbison,45,1.6,2,1.0,0.0,u,0.0,FWD,BOU,25
81,Milos Kerkez,44,38.5,30,2.7,4.3,d,1.07,DEF,BOU,25
82,Justin Kluivert,53,52.7,35,3.2,4.0,a,1.16,MID,BOU,25
83,Chris Mepham,44,0.0,0,0.0,0.0,u,0.0,DEF,BOU,25
84,Dango Ouattara,50,30.2,22,2.8,0.7,d,0.87,MID,BOU,25
85,Alex Paulsen,40,0.0,0,0.0,0.0,u,0.0,GKP,BOU,25
86,Philip Billing,48,1.4,2,1.0,0.0,a,0.0,MID,BOU,25
87,Alex Scott,48,15.8,11,1.4,0.0,i,0.7,MID,BOU,25
88,Antoine Semenyo,57,82.9,46,4.2,4.3,d,1.02,MID,BOU,25
89,Marcos Senesi,48,29.3,19,2.1,1.3,a,1.05,DEF,BOU,25
90,Luis Sinisterra,50,37.2,19,2.4,0.0,i,0.44,MID,BOU,25
91,Adam Smith,45,12.9,18,1.6,1.0,a,0.89,DEF,BOU,25
92,Marcus Tavernier,55,73.5,33,3.0,2.0,a,1.01,MID,BOU,25
93,Mark Travers,44,9.4,10,3.3,2.7,a,1.0,GKP,BOU,25
94,Illia Zabarnyi,44,21.5,22,2.0,1.3,a,1.0,DEF,BOU,25
95,Kepa Arrizabalaga,45,16.9,19,3.2,0.7,a,1.0,GKP,BOU,25
96,Dean Huijsen,43,11.2,5,1.0,0.7,a,0.83,DEF,BOU,25
97,Julián Araujo Zúñiga,44,5.1,8,1.0,0.3,i,1.28,DEF,BOU,25
98,Will Dennis,40,0.0,0,0.0,0.0,a,0.0,GKP,BOU,25
99,Francisco Evanilson de Lima Barbosa,59,48.7,45,4.5,7.7,a,1.15,FWD,BOU,25
100,Kristoffer Ajer,44,15.9,7,0.9,0.0,d,1.13,DEF,BRE,25
101,Ethan Brierley,45,0.0,0,0.0,0.0,a,0.0,MID,BRE,25
102,Nathan Collins,45,56.6,29,2.6,1.0,a,1.0,DEF,BRE,25
103,Mikkel Damsgaard,50,64.2,40,3.6,4.3,a,1.03,MID,BRE,25
104,Josh Dasilva,48,0.0,0,0.0,0.0,i,0.0,MID,BRE,25
105,Mark Flekken,45,44.3,29,2.6,2.0,a,1.0,GKP,BRE,25
106,Rico Henry,43,0.0,0,0.0,0.0,d,0.0,DEF,BRE,25
107,Aaron Hickey,43,0.0,0,0.0,0.0,i,0.0,DEF,BRE,25
108,Vitaly Janelt,49,41.8,38,3.5,6.3,a,1.1,MID,BRE,25
109,Mathias Jensen,53,16.8,13,2.2,1.3,a,1.04,MID,BRE,25
110,Kim Ji-soo,39,0.0,0,0.0,0.0,a,0.0,DEF,BRE,25
111,Yunus Emre Konak,45,0.4,4,1.0,0.3,a,0.0,MID,BRE,25
112,Keane Lewis-Potter,50,41.9,29,2.6,3.3,a,1.06,MID,BRE,25
113,Bryan Mbeumo,79,94.5,76,6.9,7.7,d,1.01,MID,BRE,25
114,Ben Mee,42,0.8,1,0.5,0.0,a,0.0,DEF,BRE,25
115,Christian Nørgaard,48,35.7,24,2.7,3.0,a,1.05,MID,BRE,25
116,Frank Onyeka,49,0.0,2,1.0,0.0,u,0.0,MID,BRE,25
117,Myles Peart-Harris,45,0.0,0,0.0,0.0,u,0.0,MID,BRE,25
118,Ethan Pinnock,45,56.1,23,2.1,1.0,d,1.0,DEF,BRE,25
119,Mads Roerslev Rasmussen,44,18.8,12,1.3,1.3,a,0.81,DEF,BRE,25
120,Kevin Schade,51,21.6,18,1.6,0.7,a,0.93,MID,BRE,25
121,Igor Thiago Nascimento Rodrigues,59,0.0,0,0.0,0.0,d,0.0,FWD,BRE,25
122,Ivan Toney,73,0.0,0,0.0,0.0,u,0.0,FWD,BRE,25
123,Hákon Valdimarsson,40,0.0,0,0.0,0.0,a,0.0,GKP,BRE,25
124,Yoane Wissa,61,56.2,54,6.8,8.3,d,1.12,FWD,BRE,25
125,Yehor Yarmoliuk,44,8.3,7,1.0,0.7,a,0.65,MID,BRE,25
126,Mathias Jorgensen,45,0.0,0,0.0,0.0,u,0.0,DEF,BRE,25
127,Fábio Freitas Gouveia Carvalho,48,21.9,21,1.9,0.7,a,0.64,MID,BRE,25
128,Sepp van den Berg,41,26.9,10,1.1,1.0,a,0.98,DEF,BRE,25
129,Ryan Trevitt,45,0.3,1,1.0,0.0,a,0.0,MID,BRE,25
130,Gustavo Nunes Fernandes Gomes,49,0.0,0,0.0,0.0,d,0.0,MID,BRE,25
131,Jayden Meghoma,40,0.0,0,0.0,0.0,a,0.0,DEF,BRE,25
132,Tony Yogane,45,0.0,0,0.0,0.0,a,0.0,MID,BRE,25
133,Paris Maghoma,45,0.0,0,0.0,0.0,a,0.0,MID,BRE,25
134,Simon Adingra,53,15.0,17,2.4,1.0,a,0.9,MID,BHA,25
135,Benicio Baker-Boaitey,45,0.0,0,0.0,0.0,u,0.0,MID,BHA,25
136,Carlos Baleba,50,34.0,28,3.1,1.3,a,1.02,MID,BHA,25
137,Valentín Barco,40,0.0,0,0.0,0.0,u,0.0,DEF,BHA,25
138,Amario Cozier-Duberry,45,0.0,0,0.0,0.0,u,0.0,MID,BHA,25
139,Mahmoud Dahoud,49,0.0,0,0.0,0.0,u,0.0,MID,BHA,25
140,Lewis Dunk,44,21.2,22,2.8,0.0,d,1.02,DEF,BHA,25
141,Julio Enciso,54,11.2,7,1.0,0.3,a,0.0,MID,BHA,25
142,Pervis Estupiñán,50,31.0,6,0.8,1.0,a,0.86,DEF,BHA,25
143,Evan Ferguson,55,6.5,12,2.0,2.7,a,0.9,FWD,BHA,25
144,Billy Gilmour,50,2.5,3,1.5,0.0,u,0.93,MID,BHA,25
145,Pascal Groß,65,0.0,0,0.0,0.0,u,0.0,MID,BHA,25
146,Jack Hinshelwood,50,30.6,28,2.8,1.0,d,1.07,MID,BHA,25
147,Ibrahim Osman,50,0.0,0,0.0,0.0,u,0.0,MID,BHA,25
148,Igor Julio dos Santos de Paulo,44,10.1,9,1.5,0.7,a,0.76,DEF,BHA,25
149,João Pedro Junqueira de Jesus,55,33.7,30,6.0,3.7,a,0.89,FWD,BHA,25
150,Kacper Kozłowski,45,0.0,0,0.0,0.0,u,0.0,MID,BHA,25
151,Tariq Lamptey,44,3.3,3,3.0,1.0,d,0.0,DEF,BHA,25
152,Solly March,65,0.0,0,0.0,0.0,d,0.0,MID,BHA,25
153,Adrian Mazilu,45,0.0,0,0.0,0.0,u,0.0,MID,BHA,25
154,James Milner,50,10.7,5,1.7,0.0,i,1.6,MID,BHA,25
155,Yankuba Minteh,52,32.6,21,3.0,0.0,a,1.11,MID,BHA,25
156,Mitoma Kaoru,64,73.3,38,3.5,2.0,a,0.98,MID,BHA,25
157,Jakub Moder,44,1.6,2,1.0,0.7,a,0.0,MID,BHA,25
158,Mark O’Mahony,45,0.0,0,0.0,0.0,u,0.0,FWD,BHA,25
159,Odeluga Offiah,40,0.0,0,0.0,0.0,u,0.0,DEF,BHA,25
160,Cameron Peupion,45,0.0,0,0.0,0.0,a,0.0,MID,BHA,25
161,Jeremy Sarmiento Morante,49,0.1,1,1.0,0.0,u,0.0,MID,BHA,25
162,Jason Steele,43,4.1,9,4.5,0.0,a,1.0,GKP,BHA,25
163,Deniz Undav,55,0.0,0,0.0,0.0,u,0.0,FWD,BHA,25
164,Jan Paul van Hecke,45,26.9,23,2.6,1.0,a,0.99,DEF,BHA,25
165,Joël Veltman,45,21.9,32,3.2,1.3,a,1.04,DEF,BHA,25
166,Bart Verbruggen,45,30.1,28,3.1,2.7,a,1.0,GKP,BHA,25
167,Adam Webster,43,2.4,1,0.3,0.0,d,2.31,DEF,BHA,25
168,Danny Welbeck,60,77.0,64,5.8,4.7,a,1.07,FWD,BHA,25
169,Mats Wieffer,48,14.2,12,1.7,0.7,a,0.77,MID,BHA,25
170,Brajan Gruda,54,4.7,4,1.0,1.0,a,0.0,MID,BHA,25
171,Yasin Ayari,50,31.5,14,1.6,1.3,d,0.92,MID,BHA,25
172,Andrew Moran,50,0.0,0,0.0,0.0,u,0.0,MID,BHA,25
173,Carl Rushworth,40,0.0,0,0.0,0.0,u,0.0,GKP,BHA,25
174,Georginio Rutter,56,43.4,40,4.0,3.0,a,1.19,MID,BHA,25
175,Ferdi Kadioglu,45,24.0,19,3.2,4.0,d,1.17,DEF,BHA,25
176,Matt O'Riley,55,5.5,8,8.0,2.7,a,0.0,MID,BHA,25
177,Imari Samuels,40,0.0,0,0.0,0.0,a,0.0,DEF,BHA,25
178,Killian Cahill,39,0.0,0,0.0,0.0,a,0.0,GKP,BHA,25
179,Andrey Nascimento dos Santos,45,0.0,0,0.0,0.0,u,0.0,MID,CHE,25
180,Ângelo Gabriel Borges Damaceno,45,0.0,0,0.0,0.0,u,0.0,MID,CHE,25
181,Benoît Badiashile,43,0.9,1,1.0,0.0,a,0.0,DEF,CHE,25
182,Lucas Bergström,40,0.0,0,0.0,0.0,a,0.0,GKP,CHE,25
183,Marcus Bettinelli,40,0.0,0,0.0,0.0,a,0.0,GKP,CHE,25
184,Moisés Caicedo Corozo,49,45.7,35,3.2,4.3,a,1.02,MID,CHE,25
185,Cesare Casadei,44,0.0,0,0.0,0.0,a,0.0,MID,CHE,25
186,Ben Chilwell,47,0.0,0,0.0,0.0,a,0.0,DEF,CHE,25
187,Carney Chukwuemeka,48,0.0,0,0.0,0.0,a,0.0,MID,CHE,25
188,Levi Colwill,45,29.1,24,2.2,1.7,d,1.0,DEF,CHE,25
189,Marc Cucurella Saseta,50,18.7,18,1.8,1.0,a,0.98,DEF,CHE,25
190,David Datro Fofana,54,0.0,0,0.0,0.0,u,0.0,FWD,CHE,25
191,Deivid Washington de Souza Eugênio,50,0.0,0,0.0,0.0,a,0.0,FWD,CHE,25
192,Kiernan Dewsbury-Hall,56,2.0,3,1.0,0.0,a,0.0,MID,CHE,25
193,Axel Disasi,43,1.5,7,3.5,0.0,a,0.96,DEF,CHE,25
194,Enzo Fernández,48,35.9,19,1.9,2.0,a,0.89,MID,CHE,25
195,Conor Gallagher,59,0.0,0,0.0,0.0,u,0.0,MID,CHE,25
196,Alfie Gilchrist,40,0.0,0,0.0,0.0,u,0.0,DEF,CHE,25
197,Malo Gusto,49,28.6,11,1.2,1.3,d,1.12,DEF,CHE,25
198,Reece James,49,6.2,5,1.2,1.7,a,1.12,DEF,CHE,25
199,Omari Kellyman,44,0.0,0,0.0,0.0,i,0.0,MID,CHE,25
200,Roméo Lavia,45,14.6,12,2.0,2.7,d,1.34,MID,CHE,25
201,Romelu Lukaku Bolingoli,63,0.0,0,0.0,0.0,u,0.0,FWD,CHE,25
202,Malang Sarr,45,0.0,0,0.0,0.0,u,0.0,DEF,CHE,25
203,Noni Madueke,64,70.3,49,4.9,1.3,a,1.19,MID,CHE,25
204,Marc Guiu Paz,48,0.0,1,1.0,0.0,a,0.0,FWD,CHE,25
205,Mykhailo Mudryk,62,8.5,7,1.0,1.0,a,0.62,MID,CHE,25
206,Nicolas Jackson,79,83.7,60,5.5,4.0,a,1.14,FWD,CHE,25
207,Christopher Nkunku,59,22.4,15,1.5,0.3,a,0.59,MID,CHE,25
208,Cole Palmer,109,109.8,84,7.6,5.0,d,1.04,MID,CHE,25
209,Đorđe Petrović,44,0.0,0,0.0,0.0,u,0.0,GKP,CHE,25
210,Renato Palma Veiga,45,5.8,5,1.0,0.0,a,0.55,MID,CHE,25
211,Robert Sánchez,47,32.5,44,4.0,2.0,a,1.0,GKP,CHE,25
212,Tosin Adarabioyo,43,5.1,7,1.8,0.0,a,1.05,DEF,CHE,25
213,Wesley Fofana,45,26.8,16,1.6,1.7,d,1.04,DEF,CHE,25
214,Jadon Sancho,63,23.3,19,3.8,0.0,d,1.18,MID,CHE,25
215,Pedro Lomba Neto,62,45.6,25,2.3,5.3,a,0.81,MID,CHE,25
216,Caleb Wiley,40,0.0,0,0.0,0.0,u,0.0,DEF,CHE,25
217,Filip Jørgensen,42,0.0,0,0.0,0.0,d,0.0,GKP,CHE,25
218,João Félix Sequeira,61,12.1,9,1.8,0.0,a,0.0,MID,CHE,25
219,Eddie Nketiah,59,29.0,12,1.7,1.0,i,1.11,FWD,CRY,25
220,Trevoh Chalobah,44,24.1,20,4.0,5.3,a,1.01,DEF,CRY,25
221,Naouirou Ahamada,45,0.0,0,0.0,0.0,u,0.0,MID,CRY,25
222,Cheick Doucouré,49,3.1,8,1.6,0.7,a,0.7,MID,CRY,25
223,Chris Richards,44,6.7,9,2.2,0.0,a,1.05,DEF,CRY,25
224,Chadi Riad Dnanou,43,2.0,1,1.0,0.0,i,1.0,DEF,CRY,25
225,Nathaniel Clyne,44,5.1,12,2.4,1.0,a,0.92,DEF,CRY,25
226,Malcolm Ebiowei,45,0.0,0,0.0,0.0,u,0.0,MID,CRY,25
227,Eberechi Eze,66,67.6,31,3.4,2.0,d,1.0,MID,CRY,25
228,Marc Guéhi,45,50.7,37,3.4,4.7,a,1.0,DEF,CRY,25
229,Dean Henderson,44,30.1,36,3.3,4.0,a,1.0,GKP,CRY,25
230,Rob Holding,43,0.0,0,0.0,0.0,a,0.0,DEF,CRY,25
231,Will Hughes,49,21.5,9,1.0,1.0,a,0.79,MID,CRY,25
232,Daichi Kamada,51,34.1,14,1.3,0.7,s,1.02,MID,CRY,25
233,Jefferson Lerma Solís,48,13.0,9,1.3,0.3,d,1.09,MID,CRY,25
234,Jean-Philippe Mateta,73,41.9,35,3.2,4.0,a,1.08,FWD,CRY,25
235,Matheus França de Oliveira,44,0.0,0,0.0,0.0,i,0.0,MID,CRY,25
236,Remi Matthews,40,0.0,0,0.0,0.0,a,0.0,GKP,CRY,25
237,Tyrick Mitchell,49,42.3,26,2.4,2.7,a,1.05,DEF,CRY,25
238,Daniel Muñoz,48,48.3,25,2.3,3.0,a,1.1,DEF,CRY,25
239,David Ozoh,45,0.0,0,0.0,0.0,u,0.0,MID,CRY,25
240,Jesurun Rak-Sakyi,45,0.0,0,0.0,0.0,u,0.0,MID,CRY,25
241,Jeffrey Schlupp,47,7.5,8,1.0,0.7,a,0.0,MID,CRY,25
242,Joel Ward,43,0.0,0,0.0,0.0,a,0.0,DEF,CRY,25
243,Adam Wharton,47,29.7,15,1.9,1.0,i,1.16,MID,CRY,25
244,Matt Turner,40,0.0,0,0.0,0.0,a,0.0,GKP,CRY,25
245,Ismaïla Sarr,57,37.9,18,1.6,2.3,a,0.76,MID,CRY,25
246,Franco Umeh-Chibueze,45,0.0,0,0.0,0.0,d,0.0,MID,CRY,25
247,Justin Devenny,45,3.7,2,2.0,0.7,a,1.23,MID,CRY,25
248,Asher Agbinone,45,1.5,2,1.0,0.3,a,0.0,MID,CRY,25
249,Kaden Rodney,45,0.0,0,0.0,0.0,a,0.0,MID,CRY,25
250,Maxence Lacroix,45,21.0,20,2.5,2.0,a,1.0,DEF,CRY,25
251,Caleb Kporha,40,0.6,1,1.0,0.3,a,0.0,DEF,CRY,25
252,Zach Marsh,45,0.0,0,0.0,0.0,a,0.0,FWD,CRY,25
253,Armando Broja,54,0.0,0,0.0,0.0,d,0.0,FWD,EVE,25
254,Abdoulaye Doucouré,51,23.6,19,2.1,1.7,a,1.11,MID,EVE,25
255,Norberto Bercique Gomes Betuncal,50,10.7,13,1.9,3.0,a,0.0,FWD,EVE,25
256,Jarrad Branthwaite,48,4.6,10,2.5,2.7,d,0.97,DEF,EVE,25
257,Dominic Calvert-Lewin,57,52.7,35,3.2,2.0,a,1.1,FWD,EVE,25
258,Séamus Coleman,43,3.9,1,1.0,0.0,i,1.0,DEF,EVE,25
259,Idrissa Gueye,49,22.5,19,1.9,2.0,a,0.98,MID,EVE,25
260,James Garner,49,7.9,7,1.8,0.0,i,0.72,MID,EVE,25
261,Jack Harrison,53,28.5,22,2.0,1.3,a,1.01,MID,EVE,25
262,Mason Holgate,40,0.0,1,1.0,0.0,u,0.0,DEF,EVE,25
263,Tim Iroegbunam,45,10.4,8,1.3,0.0,i,0.94,MID,EVE,25
264,João Neves Virgínia,40,0.0,0,0.0,0.0,a,0.0,GKP,EVE,25
265,Michael Keane,43,33.0,32,3.6,1.0,a,1.0,DEF,EVE,25
266,Neal Maupay,49,0.0,0,0.0,0.0,u,0.0,FWD,EVE,25
267,Dwight McNeil,57,84.0,51,5.1,1.3,d,1.01,MID,EVE,25
268,Vitalii Mykolenko,43,22.1,22,2.4,3.3,a,1.09,DEF,EVE,25
269,Iliman Ndiaye,54,47.2,33,3.0,2.0,a,1.01,FWD,EVE,25
270,Nathan Patterson,44,0.0,0,0.0,0.0,a,0.0,DEF,EVE,25
271,Jordan Pickford,49,28.3,46,4.2,5.0,a,1.0,GKP,EVE,25
272,James Tarkowski,48,41.0,30,2.7,3.3,a,1.0,DEF,EVE,25
273,Youssef Ramalho Chermiti,49,0.0,0,0.0,0.0,i,0.0,FWD,EVE,25
274,Ashley Young,45,38.1,34,3.8,4.3,a,1.03,DEF,EVE,25
275,Jesper Lindstrøm,51,30.3,12,1.7,2.0,a,1.04,MID,EVE,25
276,Jake O'Brien,46,0.4,0,0.0,0.0,a,0.0,DEF,EVE,25
277,Harrison Armstrong,45,0.2,1,1.0,0.0,a,0.0,MID,EVE,25
278,Jenson Metcalfe,45,0.0,0,0.0,0.0,u,0.0,MID,EVE,25
279,Asmir Begovic,40,0.0,0,0.0,0.0,a,0.0,GKP,EVE,25
280,Roman Dixon,40,1.6,0,0.0,0.0,a,1.0,DEF,EVE,25
281,Orel Mangala,50,12.1,13,1.6,2.0,a,0.99,MID,EVE,25
282,Callum Bates,45,0.0,0,0.0,0.0,a,0.0,MID,EVE,25
283,Reiss Nelson,50,43.3,20,2.2,2.0,a,0.64,MID,FUL,25
284,Emile Smith Rowe,57,59.6,54,4.9,6.3,a,1.13,MID,FUL,25
285,Joachim Andersen,43,25.1,20,2.5,3.0,a,1.04,DEF,FUL,25
286,Adama Traoré,50,62.7,38,3.5,2.7,a,1.13,MID,FUL,25
287,Andreas Hoelgebaum Pereira,52,72.3,31,2.8,2.7,a,1.19,MID,FUL,25
288,Calvin Bassey,45,22.1,25,2.3,3.3,a,1.0,DEF,FUL,25
289,Steven Benda,40,0.0,0,0.0,0.0,a,0.0,GKP,FUL,25
290,Tom Cairney,48,10.7,6,0.8,0.7,a,0.0,MID,FUL,25
291,Timothy Castagne,42,3.9,2,1.0,0.3,a,0.0,DEF,FUL,25
292,Issa Diop,44,13.7,8,1.1,0.7,a,0.92,DEF,FUL,25
293,Luke Harris,45,0.0,0,0.0,0.0,u,0.0,MID,FUL,25
294,Alex Iwobi,56,79.3,47,4.3,6.0,a,1.05,MID,FUL,25
295,Bernd Leno,50,30.5,39,3.5,4.7,a,1.0,GKP,FUL,25
296,Saša Lukić,48,12.9,11,1.6,0.0,d,1.15,MID,FUL,25
297,Kevin Mbabu,40,0.0,0,0.0,0.0,u,0.0,DEF,FUL,25
298,Rodrigo Muniz Carvalho,56,28.4,20,2.0,0.7,a,0.84,FWD,FUL,25
299,Raúl Jiménez,58,66.1,48,4.4,3.0,a,1.09,FWD,FUL,25
300,Tim Ream,45,0.0,0,0.0,0.0,u,0.0,DEF,FUL,25
301,Harrison Reed,48,3.7,6,0.8,0.7,a,0.0,MID,FUL,25
302,Antonee Robinson,47,52.1,40,3.6,4.7,a,1.0,DEF,FUL,25
303,Jay Stansfield,50,0.0,1,1.0,0.0,u,0.0,FWD,FUL,25
304,Kenny Tete,45,35.6,26,2.4,3.3,a,1.03,DEF,FUL,25
305,Carlos Vinícius Alves Morais,50,0.0,0,0.0,0.0,a,0.0,FWD,FUL,25
306,Harry Wilson,52,18.2,23,3.3,6.7,a,0.0,MID,FUL,25
307,Ryan Sessegnon,42,0.0,0,0.0,0.0,a,0.0,DEF,FUL,25
308,Jorge Cuenca Barreno,44,0.4,1,1.0,0.3,a,0.0,DEF,FUL,25
309,Josh King,45,0.0,0,0.0,0.0,a,0.0,MID,FUL,25
310,Martial Godo,45,0.0,0,0.0,0.0,a,0.0,MID,FUL,25
311,Sander Berge,50,22.5,15,1.7,2.3,a,0.86,MID,FUL,25
312,Ali Al-Hamadi,48,2.0,1,0.3,0.0,a,0.0,FWD,IPS,25
313,Elkan Baggott,40,0.0,0,0.0,0.0,u,0.0,DEF,IPS,25
314,Nathan Broadhead,49,0.0,0,0.0,0.0,d,0.0,MID,IPS,25
315,Cameron Burgess,39,14.5,5,1.2,1.3,a,1.0,DEF,IPS,25
316,Wes Burns,49,10.7,10,1.2,0.7,d,1.11,MID,IPS,25
317,Conor Chaplin,51,12.6,15,1.7,2.3,a,0.98,MID,IPS,25
318,Harry Clarke,40,0.5,-4,-2.0,-1.7,a,0.95,DEF,IPS,25
319,Leif Davis,45,67.4,32,2.9,4.3,a,1.0,DEF,IPS,25
320,Liam Delap,56,55.4,51,4.6,6.0,a,1.16,FWD,IPS,25
321,George Edmundson,40,0.0,1,1.0,0.0,u,0.0,DEF,IPS,25
322,Jacob Greaves,40,21.5,11,1.6,0.0,d,1.0,DEF,IPS,25
323,Marcus Myers-Harness,49,1.7,2,1.0,0.0,u,0.0,MID,IPS,25
324,George Hirst,54,16.7,17,2.1,4.0,a,0.52,FWD,IPS,25
325,Cameron Humphreys,45,0.0,0,0.0,0.0,u,0.0,MID,IPS,25
326,Omari Giraud-Hutchinson,52,37.5,22,2.2,1.3,d,1.03,MID,IPS,25
327,Ben Johnson,40,15.1,7,1.2,1.0,a,0.9,DEF,IPS,25
328,Freddie Ladapo,45,0.0,0,0.0,0.0,u,0.0,FWD,IPS,25
329,Massimo Luongo,45,3.0,7,1.4,0.3,a,1.26,MID,IPS,25
330,Sam Morsy,49,32.4,30,3.0,3.3,a,1.01,MID,IPS,25
331,Corrie Ndaba,40,0.0,0,0.0,0.0,u,0.0,DEF,IPS,25
332,Cieran Slicker,40,0.0,0,0.0,0.0,a,0.0,GKP,IPS,25
333,Jack Taylor,48,4.6,4,0.7,0.0,d,0.0,MID,IPS,25
334,Axel Tuanzebe,40,17.1,12,1.7,0.3,a,1.05,DEF,IPS,25
335,Christian Walton,44,2.8,2,2.0,0.0,a,1.0,GKP,IPS,25
336,Luke Woolfenden,40,8.2,4,0.8,0.3,a,0.95,DEF,IPS,25
337,Kalvin Phillips,49,14.7,11,1.6,0.3,a,1.18,MID,IPS,25
338,Arijanet Muric,44,31.1,29,2.9,2.3,a,1.0,GKP,IPS,25
339,Conor Townsend,40,1.4,1,1.0,0.3,a,0.0,DEF,IPS,25
340,Sam Szmodics,58,33.3,34,3.1,6.3,a,1.17,MID,IPS,25
341,Jens Cajuste,45,6.3,7,1.4,1.3,a,1.0,MID,IPS,25
342,Dara O'Shea,40,28.7,14,1.8,1.3,a,1.04,DEF,IPS,25
343,Jack Clarke,55,16.5,14,1.6,1.0,a,0.76,MID,IPS,25
344,Chiedozie Ogbene,49,6.4,7,1.4,0.3,i,1.14,MID,IPS,25
345,Facundo Buonanotte,50,70.6,38,3.8,1.3,s,0.99,MID,LEI,25
346,Jordan Ayew,52,32.9,24,2.2,3.0,d,0.88,MID,LEI,25
347,Odsonne Edouard,52,8.0,7,1.2,0.3,a,0.64,FWD,LEI,25
348,Boubakary Soumaré,44,4.6,4,0.8,1.0,a,0.65,MID,LEI,25
349,Tom Cannon,45,0.0,0,0.0,0.0,u,0.0,FWD,LEI,25
350,Hamza Choudhury,44,0.3,1,1.0,0.0,a,0.0,MID,LEI,25
351,Conor Coady,40,0.2,0,0.0,0.0,a,0.0,DEF,LEI,25
352,Patson Daka,48,0.0,0,0.0,0.0,a,0.0,FWD,LEI,25
353,Bobby De Cordova-Reid,52,4.3,8,1.3,0.0,d,1.13,MID,LEI,25
354,Wout Faes,42,38.2,23,2.1,1.3,a,1.0,DEF,LEI,25
355,Michael Golding,44,0.0,0,0.0,0.0,a,0.0,MID,LEI,25
356,Mads Hermansen,45,35.8,28,2.5,1.3,a,1.0,GKP,LEI,25
357,Daniel Iversen,40,0.0,0,0.0,0.0,a,0.0,GKP,LEI,25
358,James Justin,46,39.7,32,3.2,0.7,a,1.01,DEF,LEI,25
359,Victor Kristiansen,45,34.1,13,1.3,0.3,a,1.05,DEF,LEI,25
360,Wanya Marçal-Madivádua,45,0.0,0,0.0,0.0,u,0.0,MID,LEI,25
361,Stephy Mavididi,53,38.7,29,2.9,0.7,a,1.04,MID,LEI,25
362,Kasey McAteer,47,2.3,5,1.0,0.7,a,0.0,MID,LEI,25
363,Wilfred Ndidi,50,55.9,31,2.8,2.0,a,1.08,MID,LEI,25
364,Caleb Okoli,40,23.7,13,1.9,0.3,a,1.0,DEF,LEI,25
365,Ricardo Barbosa Pereira,42,2.2,2,1.0,0.7,i,1.23,DEF,LEI,25
366,Harry Souttar,40,0.0,0,0.0,0.0,u,0.0,DEF,LEI,25
367,Jakub Stolarczyk,40,0.0,0,0.0,0.0,i,0.0,GKP,LEI,25
368,Luke Thomas,39,0.0,0,0.0,0.0,a,0.0,DEF,LEI,25
369,Jamie Vardy,57,46.2,43,4.3,4.3,d,1.07,FWD,LEI,25
370,Jannik Vestergaard,40,9.9,5,1.2,1.0,a,1.0,DEF,LEI,25
371,Danny Ward,40,0.0,0,0.0,0.0,a,0.0,GKP,LEI,25
372,Harry Winks,45,40.0,22,2.2,2.7,a,0.95,MID,LEI,25
373,Oliver Skipp,48,10.6,9,1.5,0.0,a,1.12,MID,LEI,25
374,Abdul Fatawu,53,40.1,26,2.4,2.0,i,0.94,MID,LEI,25
375,Will Alves,45,0.0,0,0.0,0.0,a,0.0,MID,LEI,25
376,Ben Nelson,40,0.0,0,0.0,0.0,u,0.0,DEF,LEI,25
377,Bilal El Khannouss,49,10.2,8,1.1,1.0,a,0.91,MID,LEI,25
378,Alisson Ramses Becker,54,12.6,35,5.8,0.0,d,1.02,GKP,LIV,25
379,Trent Alexander-Arnold,70,54.7,47,4.3,1.3,d,1.14,DEF,LIV,25
380,Stefan Bajčetić Maquieira,45,0.0,0,0.0,0.0,u,0.0,MID,LIV,25
381,Conor Bradley,47,8.6,11,1.8,2.3,a,0.0,DEF,LIV,25
382,Bobby Clark,45,0.0,0,0.0,0.0,u,0.0,MID,LIV,25
383,Darwin Núñez Ribeiro,71,30.3,23,2.9,4.3,a,0.85,FWD,LIV,25
384,Diogo Teixeira da Silva,72,31.6,35,5.0,0.0,i,1.28,MID,LIV,25
385,Ben Doak,45,0.0,0,0.0,0.0,u,0.0,MID,LIV,25
386,Harvey Elliott,52,0.4,1,1.0,0.0,d,0.0,MID,LIV,25
387,Endo Wataru,47,2.2,5,1.0,1.0,a,0.0,MID,LIV,25
388,Cody Gakpo,71,30.6,22,2.0,3.7,a,0.65,FWD,LIV,25
389,Joe Gomez,48,8.4,3,1.0,0.3,a,0.0,DEF,LIV,25
390,Ryan Gravenberch,50,27.9,27,2.5,2.3,a,1.0,MID,LIV,25
391,Curtis Jones,53,29.6,28,3.5,3.0,a,0.88,MID,LIV,25
392,Caoimhin Kelleher,45,11.2,21,4.2,3.3,a,1.0,GKP,LIV,25
393,Ibrahima Konaté,54,32.8,46,4.2,2.7,a,1.02,DEF,LIV,25
394,Luis Díaz,77,73.0,64,5.8,3.0,a,1.11,MID,LIV,25
395,Mohamed Salah,129,132.1,107,9.7,11.0,a,1.03,MID,LIV,25
396,Alexis Mac Allister,62,36.4,20,1.8,1.7,a,1.16,MID,LIV,25
397,James McConnell,44,0.0,0,0.0,0.0,a,0.0,MID,LIV,25
398,Tyler Morton,44,0.0,0,0.0,0.0,a,0.0,MID,LIV,25
399,Nathaniel Phillips,40,0.0,0,0.0,0.0,u,0.0,DEF,LIV,25
400,Jarell Quansah,39,1.6,1,1.0,0.0,a,2.0,DEF,LIV,25
401,Rhys Williams,40,0.0,0,0.0,0.0,u,0.0,DEF,LIV,25
402,Andrew Robertson,59,39.5,39,3.9,3.0,a,1.07,DEF,LIV,25
403,Dominik Szoboszlai,63,42.3,27,2.5,1.3,a,0.97,MID,LIV,25
404,Konstantinos Tsimikas,46,13.5,13,2.2,1.3,a,0.79,DEF,LIV,25
405,Virgil van Dijk,63,41.8,56,5.1,6.0,a,1.0,DEF,LIV,25
406,Federico Chiesa,68,1.6,1,1.0,0.0,d,0.0,MID,LIV,25
407,Vítezslav Jaros,40,0.9,1,1.0,0.0,a,0.0,GKP,LIV,25
408,Harvey Davies,40,0.0,0,0.0,0.0,a,0.0,GKP,LIV,25
409,Manuel Akanji,55,33.9,23,2.6,2.3,d,1.04,DEF,MCI,25
410,Nathan Aké,53,1.5,2,1.0,0.3,d,1.22,DEF,MCI,25
411,Bernardo Veiga de Carvalho e Silva,64,75.7,33,3.0,2.0,a,0.97,MID,MCI,25
412,Oscar Bobb,47,0.0,0,0.0,0.0,i,0.0,MID,MCI,25
413,Scott Carson,40,0.0,0,0.0,0.0,a,0.0,GKP,MCI,25
414,Kevin De Bruyne,94,43.2,19,3.8,0.3,a,0.97,MID,MCI,25
415,Jérémy Doku,63,40.8,22,2.8,0.3,d,1.12,MID,MCI,25
416,Ederson Santana de Moraes,55,24.9,32,2.9,3.0,a,1.0,GKP,MCI,25
417,Phil Foden,92,44.2,16,2.0,2.3,d,0.78,MID,MCI,25
418,Jack Grealish,64,39.8,15,2.1,0.0,d,1.05,MID,MCI,25
419,Joško Gvardiol,63,69.8,50,4.5,5.7,a,0.96,DEF,MCI,25
420,Erling Haaland,152,126.1,82,7.5,4.3,a,1.0,FWD,MCI,25
421,Julián Álvarez,70,0.0,0,0.0,0.0,u,0.0,FWD,MCI,25
422,João Cavaco Cancelo,53,0.0,0,0.0,0.0,u,0.0,DEF,MCI,25
423,Mateo Kovačić,56,59.3,45,4.1,2.3,a,1.03,MID,MCI,25
424,Rico Lewis,49,32.2,30,3.0,2.3,a,1.05,DEF,MCI,25
425,Matheus Luiz Nunes,49,27.6,18,2.2,3.3,d,0.93,MID,MCI,25
426,James McAtee,47,0.3,1,1.0,0.0,a,0.0,MID,MCI,25
427,Stefan Ortega Moreno,53,0.0,0,0.0,0.0,a,0.0,GKP,MCI,25
428,Rodrigo 'Rodri' Hernandez,63,2.8,2,1.0,0.0,i,1.38,MID,MCI,25
429,Rúben Gato Alves Dias,54,31.1,19,2.1,2.3,d,0.99,DEF,MCI,25
430,John Stones,53,17.6,20,3.3,0.3,d,0.76,DEF,MCI,25
431,Kyle Walker,52,22.8,8,1.1,0.3,a,0.96,DEF,MCI,25
432,Sávio 'Savinho' Moreira de Oliveira,65,62.7,29,3.6,3.0,a,1.2,MID,MCI,25
433,Nico O'Reilly,50,0.0,0,0.0,0.0,d,0.0,MID,MCI,25
434,Ilkay Gündogan,65,44.5,21,2.1,3.0,a,1.01,MID,MCI,25
435,Issa Kaboré,45,0.0,0,0.0,0.0,u,0.0,DEF,MCI,25
436,Jacob Wright,45,0.0,0,0.0,0.0,a,0.0,MID,MCI,25
437,Jahmai Simpson-Pusey,40,2.0,0,0.0,0.0,d,1.0,DEF,MCI,25
438,Josh Wilson-Esbrand,40,0.0,0,0.0,0.0,a,0.0,DEF,MCI,25
439,Amad Diallo,49,49.0,27,3.0,2.3,a,0.94,MID,MUN,25
440,Antony Matheus dos Santos,57,2.8,2,1.0,0.0,a,0.0,MID,MUN,25
441,Bruno Borges Fernandes,84,79.0,50,4.5,9.7,a,1.07,MID,MUN,25
442,Altay Bayindir,43,0.0,0,0.0,0.0,a,0.0,GKP,MUN,25
443,Carlos Henrique Casimiro,48,50.6,25,2.5,4.7,d,1.01,MID,MUN,25
444,Diogo Dalot Teixeira,52,37.0,39,3.5,1.0,a,1.04,DEF,MUN,25
445,Christian Eriksen,54,30.8,14,1.8,1.0,a,1.03,MID,MUN,25
446,Jonny Evans,44,5.2,13,2.6,0.3,a,0.77,DEF,MUN,25
447,Alejandro Garnacho,64,65.4,40,3.6,3.3,a,0.88,MID,MUN,25
448,Hannibal Mejbri,45,0.0,0,0.0,0.0,u,0.0,MID,MUN,25
449,Tom Heaton,40,0.0,0,0.0,0.0,a,0.0,GKP,MUN,25
450,Rasmus Højlund,69,18.0,21,3.0,3.0,a,1.09,FWD,MUN,25
451,Victor Lindelöf,43,3.6,3,0.8,0.7,d,0.0,DEF,MUN,25
452,Harry Maguire,49,6.7,8,1.6,0.0,d,1.12,DEF,MUN,25
453,Kobbie Mainoo,52,15.6,13,1.9,0.0,d,1.1,MID,MUN,25
454,Tyrell Malacia,44,0.0,0,0.0,0.0,d,0.0,DEF,MUN,25
455,Lisandro Martínez,44,30.4,29,2.9,2.7,d,1.02,DEF,MUN,25
456,Scott McTominay,49,0.9,2,1.0,0.0,u,0.0,MID,MUN,25
457,Mason Mount,63,10.8,3,1.0,0.0,a,1.25,MID,MUN,25
458,André Onana,51,27.6,53,4.8,4.0,a,1.0,GKP,MUN,25
459,Facundo Pellistri Rebollo,50,0.0,0,0.0,0.0,u,0.0,MID,MUN,25
460,Marcus Rashford,69,44.9,30,2.7,1.3,a,1.19,MID,MUN,25
461,Luke Shaw,49,0.0,0,0.0,0.0,d,0.0,DEF,MUN,25
462,Joshua Zirkzee,66,34.0,23,2.1,2.0,a,0.84,FWD,MUN,25
463,Leny Yoro,43,0.0,0,0.0,0.0,d,0.0,DEF,MUN,25
464,Matthijs de Ligt,50,36.1,35,3.2,2.7,a,0.95,DEF,MUN,25
465,Noussair Mazraoui,46,34.0,39,3.5,4.0,a,1.09,DEF,MUN,25
466,Toby Collyer,45,2.9,1,1.0,0.0,a,0.0,MID,MUN,25
467,Ethan Wheatley,45,0.0,0,0.0,0.0,a,0.0,FWD,MUN,25
468,Manuel Ugarte,49,6.7,8,1.3,1.3,a,0.97,MID,MUN,25
469,Jack Fletcher,45,0.0,0,0.0,0.0,a,0.0,MID,MUN,25
470,Harry Amass,40,0.0,0,0.0,0.0,a,0.0,DEF,MUN,25
471,Jayce Fitzgerald,45,0.0,0,0.0,0.0,a,0.0,MID,MUN,25
472,Alex Murphy,40,0.0,0,0.0,0.0,a,0.0,DEF,NEW,25
473,Miguel Almirón Rejala,55,5.3,6,1.2,0.7,a,0.88,MID,NEW,25
474,Harvey Barnes,63,50.0,49,4.5,3.3,a,0.92,MID,NEW,25
475,Sven Botman,44,0.0,0,0.0,0.0,i,0.0,DEF,NEW,25
476,Bruno Guimarães Rodriguez Moura,62,36.4,28,2.5,2.3,a,1.01,MID,NEW,25
477,Dan Burn,44,29.6,27,2.5,2.7,s,1.0,DEF,NEW,25
478,Martin Dúbravka,43,0.0,0,0.0,0.0,a,0.0,GKP,NEW,25
479,Anthony Gordon,72,77.6,39,3.9,2.7,d,1.06,MID,NEW,25
480,Lewis Hall,44,45.5,32,2.9,4.7,a,0.92,DEF,NEW,25
481,Isaac Hayden,45,0.0,0,0.0,0.0,a,0.0,MID,NEW,25
482,Alexander Isak,85,66.8,47,5.2,8.7,a,1.06,FWD,NEW,25
483,Jacob Murphy,50,26.4,19,2.1,0.3,a,1.09,MID,NEW,25
484,Joelinton Cássio Apolinário de Lira,60,56.0,36,3.3,5.0,a,1.07,MID,NEW,25
485,Lloyd Kelly,43,7.9,10,1.4,0.7,a,1.32,DEF,NEW,25
486,Emil Krafth,44,6.6,10,3.3,0.0,d,0.75,DEF,NEW,25
487,Garang Kuol,45,0.0,0,0.0,0.0,a,0.0,MID,NEW,25
488,Jamaal Lascelles,45,0.0,0,0.0,0.0,i,0.0,DEF,NEW,25
489,Jamal Lewis,40,0.0,0,0.0,0.0,u,0.0,DEF,NEW,25
490,Tino Livramento,45,20.6,27,2.5,3.3,a,1.02,DEF,NEW,25
491,Sean Longstaff,47,14.6,18,1.8,2.7,a,1.06,MID,NEW,25
492,Lewis Miley,50,0.0,0,0.0,0.0,a,0.0,MID,NEW,25
493,Odysseas Vlachodimos,43,0.0,0,0.0,0.0,a,0.0,GKP,NEW,25
494,Nick Pope,50,30.7,43,3.9,3.0,a,1.0,GKP,NEW,25
495,John Ruddy,40,0.0,0,0.0,0.0,a,0.0,GKP,NEW,25
496,Fabian Schär,54,24.0,22,2.4,2.3,a,1.08,DEF,NEW,25
497,Matt Targett,40,0.0,0,0.0,0.0,a,0.0,DEF,NEW,25
498,Sandro Tonali,55,21.8,14,1.6,1.7,a,0.88,MID,NEW,25
499,Kieran Trippier,56,12.1,13,2.6,0.0,d,0.97,DEF,NEW,25
500,Joe White,45,0.0,0,0.0,0.0,u,0.0,MID,NEW,25
501,Joe Willock,48,26.5,14,1.6,1.7,a,0.84,MID,NEW,25
502,Callum Wilson,69,0.0,0,0.0,0.0,d,0.0,FWD,NEW,25
503,Miodrag Pivaš,40,0.0,0,0.0,0.0,u,0.0,DEF,NEW,25
504,William Osula,50,0.3,4,1.0,0.7,a,0.0,FWD,NEW,25
505,Álex Moreno Lopera,44,21.3,27,3.4,3.7,a,1.17,DEF,NFO,25
506,Ola Aina,48,32.9,48,4.4,6.0,d,1.04,DEF,NFO,25
507,Elliot Anderson,50,49.7,28,2.5,3.0,d,1.15,MID,NFO,25
508,Taiwo Awoniyi,56,5.2,8,1.0,1.0,a,0.84,FWD,NFO,25
509,Willy Boly,43,4.9,3,1.5,0.0,a,0.99,DEF,NFO,25
510,Josh Bowler,45,0.0,0,0.0,0.0,u,0.0,MID,NFO,25
511,Carlos Miguel dos Santos Pereira,42,0.0,0,0.0,0.0,a,0.0,GKP,NFO,25
512,Eric da Silva Moreira,45,0.0,1,1.0,0.3,a,0.0,MID,NFO,25
513,Danilo dos Santos de Oliveira,47,0.0,1,1.0,0.0,i,6.43,MID,NFO,25
514,Emmanuel Dennis,49,0.0,0,0.0,0.0,a,0.0,FWD,NFO,25
515,Nicolás Domínguez,48,24.0,12,1.3,2.0,a,1.04,MID,NFO,25
516,Anthony Elanga,52,41.5,25,2.3,3.3,a,1.11,MID,NFO,25
517,Morgan Gibbs-White,63,47.1,21,2.6,1.3,a,1.15,MID,NFO,25
518,Callum Hudson-Odoi,54,58.8,38,3.5,4.3,a,1.03,MID,NFO,25
519,Alex Mighten,45,0.0,0,0.0,0.0,u,0.0,MID,NFO,25
520,Murillo Santiago Costa dos Santos,45,44.6,44,4.0,5.0,a,1.0,DEF,NFO,25
521,Neco Williams,43,21.7,13,1.4,0.3,a,0.73,DEF,NFO,25
522,Omar Richards,45,0.0,0,0.0,0.0,u,0.0,DEF,NFO,25
523,Lewis O'Brien,50,0.0,0,0.0,0.0,u,0.0,MID,NFO,25
524,Andrew Omobamidele,43,0.0,0,0.0,0.0,a,0.0,DEF,NFO,25
525,Jonathan Panzo,40,0.0,0,0.0,0.0,u,0.0,DEF,NFO,25
526,Ibrahim Sangaré,44,7.4,4,1.3,0.0,d,1.27,MID,NFO,25
527,Matz Sels,47,23.7,50,4.5,4.3,a,1.0,GKP,NFO,25
528,Harry Toffolo,43,1.9,1,1.0,0.0,a,0.0,DEF,NFO,25
529,Hwang Ui-jo,45,0.0,0,0.0,0.0,u,0.0,FWD,NFO,25
530,Chris Wood,66,73.4,68,6.2,7.3,a,1.11,FWD,NFO,25
531,Joe Worrall,45,0.0,0,0.0,0.0,u,0.0,DEF,NFO,25
532,Ryan Yates,49,44.5,30,2.7,4.0,a,0.78,MID,NFO,25
533,James Ward-Prowse,62,7.1,7,1.2,0.3,a,1.18,MID,NFO,25
534,Nikola Milenković,45,28.1,36,3.6,2.7,a,1.0,DEF,NFO,25
535,João Pedro Ferreira Silva,59,17.5,12,1.2,1.0,a,0.0,MID,NFO,25
536,Ramón Sosa,55,14.8,12,1.7,1.0,a,0.0,MID,NFO,25
537,Felipe Rodrigues da Silva,45,3.3,5,1.0,0.3,a,0.0,DEF,NFO,25
538,Aaron Ramsdale,44,26.2,26,2.9,4.3,d,1.0,GKP,SOU,25
539,Cameron Archer,50,32.6,27,2.5,2.0,a,0.91,FWD,SOU,25
540,Lesley Ugochukwu,45,5.1,5,1.0,0.3,a,1.06,MID,SOU,25
541,Ryan Fraser,48,3.0,1,0.2,0.0,d,1.29,MID,SOU,25
542,Carlos Alcaraz Durán,49,4.3,1,1.0,0.0,u,0.0,MID,SOU,25
543,Samuel Amo-Ameyaw,45,2.5,1,1.0,0.0,a,0.0,MID,SOU,25
544,Joe Aribo,49,29.7,23,2.3,1.3,a,0.9,MID,SOU,25
545,Adam Armstrong,51,22.3,15,1.9,3.0,a,0.99,FWD,SOU,25
546,Gavin Bazunu,43,0.0,0,0.0,0.0,i,0.0,GKP,SOU,25
547,Jan Bednarek,40,32.6,17,1.5,2.7,d,1.01,DEF,SOU,25
548,Armel Bella-Kotchap,39,0.0,0,0.0,0.0,a,0.0,DEF,SOU,25
549,James Bree,39,1.4,1,1.0,0.3,a,0.0,DEF,SOU,25
550,Shea Charles,45,0.0,0,0.0,0.0,u,0.0,MID,SOU,25
551,Samuel Edozie,49,5.1,1,0.5,0.0,u,0.0,MID,SOU,25
552,Ronnie Edwards,39,0.0,0,0.0,0.0,a,0.0,DEF,SOU,25
553,Taylor Harwood-Bellis,41,42.8,22,2.0,2.7,a,1.05,DEF,SOU,25
554,Kamaldeen Sulemana,50,1.2,2,1.0,0.3,a,0.0,MID,SOU,25
555,Adam Lallana,50,14.8,11,1.6,0.7,a,1.3,MID,SOU,25
556,Juan Larios López,40,0.0,0,0.0,0.0,a,0.0,DEF,SOU,25
557,Mateusz Lis,40,0.0,0,0.0,0.0,u,0.0,GKP,SOU,25
558,Joe Lumley,40,0.0,0,0.0,0.0,a,0.0,GKP,SOU,25
559,Ryan Manning,43,18.0,8,1.6,1.3,a,1.37,DEF,SOU,25
560,Sékou Mara,50,0.0,0,0.0,0.0,u,0.0,FWD,SOU,25
561,Alex McCarthy,43,5.2,6,3.0,0.0,a,1.0,GKP,SOU,25
562,Paul Onuachu,49,4.8,4,0.8,0.7,a,0.0,FWD,SOU,25
563,Will Smallbone,50,11.1,6,1.5,0.0,i,1.12,MID,SOU,25
564,Jack Stephens,40,13.2,10,1.4,2.7,a,1.1,DEF,SOU,25
565,Ross Stewart,45,2.1,3,0.8,0.0,i,0.69,FWD,SOU,25
566,Sugawara Yukinari,45,36.2,24,2.4,1.7,a,1.08,DEF,SOU,25
567,Charlie Taylor,39,9.5,5,1.0,0.0,a,0.87,DEF,SOU,25
568,Kyle Walker-Peters,44,36.4,21,2.3,3.7,a,1.01,DEF,SOU,25
569,Nathan Wood-Gordon,40,0.0,0,0.0,0.0,a,0.0,DEF,SOU,25
570,Maxwel Cornet,48,2.2,1,0.5,0.0,a,1.27,MID,SOU,25
571,Flynn Downes,48,39.1,17,1.7,1.3,a,1.0,MID,SOU,25
572,Ben Brereton Díaz,50,16.4,10,1.4,0.3,a,0.89,MID,SOU,25
573,Tyler Dibling,46,32.4,21,1.9,0.7,a,0.95,MID,SOU,25
574,Mateus Gonçalo Espanha Fernandes,50,34.5,20,2.0,2.0,a,1.02,MID,SOU,25
575,Dominic Solanke-Mitchell,77,63.5,43,4.8,6.7,a,1.02,FWD,TOT,25
576,Ashley Phillips,40,0.0,0,0.0,0.0,u,0.0,DEF,TOT,25
577,Brandon Austin,40,0.0,0,0.0,0.0,a,0.0,GKP,TOT,25
578,Rodrigo Bentancur,50,22.0,19,1.9,3.0,s,1.18,MID,TOT,25
579,Lucas Bergvall,44,5.3,5,1.0,0.0,a,0.0,MID,TOT,25
580,Yves Bissouma,49,22.5,25,3.1,1.3,a,0.91,MID,TOT,25
581,Bryan Gil Salvatierra,50,0.0,0,0.0,0.0,u,0.0,MID,TOT,25
582,Ben Davies,43,0.8,1,1.0,0.3,a,0.0,DEF,TOT,25
583,Alfie Devine,45,0.0,0,0.0,0.0,u,0.0,MID,TOT,25
584,Radu Drăgușin,43,6.4,5,1.2,1.0,a,0.97,DEF,TOT,25
585,Emerson Leite de Souza Junior,45,0.0,0,0.0,0.0,u,0.0,DEF,TOT,25
586,Fraser Forster,44,0.0,0,0.0,0.0,a,0.0,GKP,TOT,25
587,Archie Gray,47,1.2,5,1.0,0.3,a,0.0,MID,TOT,25
588,Pierre-Emile Højbjerg,50,0.0,0,0.0,0.0,u,0.0,MID,TOT,25
589,Brennan Johnson,68,73.7,49,4.5,3.7,a,1.04,MID,TOT,25
590,Dejan Kulusevski,63,88.1,41,3.7,2.7,a,1.05,MID,TOT,25
591,Giovani Lo Celso,49,0.0,0,0.0,0.0,u,0.0,MID,TOT,25
592,James Maddison,76,88.8,52,4.7,3.0,a,1.19,MID,TOT,25
593,Pedro Porro,55,70.6,35,3.2,2.3,a,1.0,DEF,TOT,25
594,Sergio Reguilón,42,0.0,0,0.0,0.0,a,0.0,DEF,TOT,25
595,Richarlison de Andrade,68,6.2,7,1.4,1.3,i,0.0,FWD,TOT,25
596,Cristian Romero,50,48.5,34,3.1,1.3,a,1.03,DEF,TOT,25
597,Pape Matar Sarr,48,25.7,19,1.7,1.7,d,0.82,MID,TOT,25
598,Dane Scarlett,45,0.0,0,0.0,0.0,u,0.0,FWD,TOT,25
599,Manor Solomon,54,0.0,0,0.0,0.0,u,0.0,MID,TOT,25
600,Son Heung-min,99,73.2,47,5.9,2.0,a,1.08,MID,TOT,25
601,Djed Spence,44,1.9,2,0.7,0.0,a,0.0,DEF,TOT,25
602,Destiny Udogie,49,44.0,23,2.1,1.7,a,1.08,DEF,TOT,25
603,Micky van de Ven,46,22.1,27,3.4,0.3,d,1.01,DEF,TOT,25
604,Alejo Véliz,50,0.0,0,0.0,0.0,u,0.0,FWD,TOT,25
605,Guglielmo Vicario,50,21.9,29,2.6,2.0,a,1.0,GKP,TOT,25
606,Timo Werner,62,17.9,14,1.8,0.7,a,0.68,MID,TOT,25
607,Alfie Whiteman,40,0.0,0,0.0,0.0,a,0.0,GKP,TOT,25
608,Will Lankshear,45,0.0,0,0.0,0.0,a,0.0,FWD,TOT,25
609,Mikey Moore,45,1.0,5,1.2,0.7,d,1.1,MID,TOT,25
610,Wilson Odobert,53,9.2,6,2.0,0.0,i,1.12,MID,TOT,25
611,Aaron Wan-Bissaka,44,33.3,18,1.8,3.0,a,1.0,DEF,WHU,25
612,Edson Álvarez Velázquez,50,12.4,6,0.8,0.0,a,1.11,MID,WHU,25
613,Michail Antonio,54,35.5,37,3.4,1.7,a,1.21,FWD,WHU,25
614,Alphonse Areola,43,16.0,15,1.9,0.0,a,1.07,GKP,WHU,25
615,Jarrod Bowen,75,90.5,50,4.5,4.0,a,1.02,MID,WHU,25
616,Vladimír Coufal,43,3.5,9,1.8,0.0,a,0.81,DEF,WHU,25
617,Aaron Cresswell,40,1.8,3,0.8,0.0,a,0.0,DEF,WHU,25
618,George Earthy,45,0.0,0,0.0,0.0,u,0.0,MID,WHU,25
619,Emerson Palmieri dos Santos,44,35.3,19,1.7,2.7,a,1.16,DEF,WHU,25
620,Łukasz Fabiański,40,10.3,15,3.8,4.7,a,0.86,GKP,WHU,25
621,Wes Foderingham,44,0.0,0,0.0,0.0,a,0.0,GKP,WHU,25
622,Danny Ings,50,15.8,19,3.8,3.0,a,0.0,FWD,WHU,25
623,Max Kilman,45,35.0,27,2.5,3.0,a,1.0,DEF,WHU,25
624,Mohammed Kudus,62,52.8,23,2.9,0.0,s,1.09,MID,WHU,25
625,Luis Guilherme Lira dos Santos,47,0.2,2,1.0,0.3,a,0.0,MID,WHU,25
626,Lucas Tolentino Coelho de Lima,58,46.2,29,2.6,1.3,a,1.11,MID,WHU,25
627,Konstantinos Mavropanos,45,22.1,16,1.8,0.3,a,0.97,DEF,WHU,25
628,Nayef Aguerd,44,0.0,0,0.0,0.0,u,0.0,DEF,WHU,25
629,Tomáš Souček,49,44.0,32,3.2,1.3,a,0.97,MID,WHU,25
630,Kurt Zouma,44,0.0,0,0.0,0.0,u,0.0,DEF,WHU,25
631,Andy Irving,48,2.3,2,0.7,0.3,a,0.0,MID,WHU,25
632,Crysencio Summerville,57,29.2,18,1.8,3.7,a,0.79,MID,WHU,25
633,Guido Rodríguez,49,18.0,19,1.7,1.7,a,1.24,MID,WHU,25
634,Niclas Füllkrug,67,3.5,3,1.0,0.0,i,0.0,FWD,WHU,25
635,Jean-Clair Todibo,43,15.0,14,1.8,2.7,a,0.9,DEF,WHU,25
636,Kaelan Casey,40,0.0,0,0.0,0.0,a,0.0,DEF,WHU,25
637,Carlos Soler,50,10.3,5,0.6,1.0,a,0.34,MID,WHU,25
638,Ollie Scarles,40,0.0,0,0.0,0.0,a,0.0,DEF,WHU,25
639,Sam Johnstone,44,16.6,10,2.0,0.0,a,1.0,GKP,WOL,25
640,Rayan Aït-Nouri,47,55.5,36,3.3,4.3,a,1.07,DEF,WOL,25
641,Boubacar Traoré,48,0.0,0,0.0,0.0,i,0.0,MID,WOL,25
642,Jean-Ricner Bellegarde,50,21.9,22,2.2,0.3,a,1.14,MID,WOL,25
643,Daniel Bentley,40,0.0,0,0.0,0.0,a,0.0,GKP,WOL,25
644,Francisco Jorge Tomás Oliveira,45,1.9,1,1.0,0.0,u,0.0,MID,WOL,25
645,Tawanda Chirewa,45,0.0,0,0.0,0.0,u,0.0,MID,WOL,25
646,Leon Chiwome,45,0.0,0,0.0,0.0,a,0.0,FWD,WOL,25
647,Luke Cundle,45,0.0,0,0.0,0.0,a,0.0,MID,WOL,25
648,Matheus Santos Carneiro Da Cunha,68,91.0,59,5.4,9.0,a,1.02,FWD,WOL,25
649,Craig Dawson,44,27.0,18,1.8,4.0,a,0.96,DEF,WOL,25
650,Matt Doherty,43,7.2,3,0.6,0.3,a,0.86,DEF,WOL,25
651,Tommy Doyle,48,10.7,13,1.6,2.3,a,0.69,MID,WOL,25
652,Fábio Silva,50,0.0,0,0.0,0.0,u,0.0,FWD,WOL,25
653,Nathan Fraser,45,0.0,0,0.0,0.0,u,0.0,FWD,WOL,25
654,Enso González,44,0.0,0,0.0,0.0,i,0.0,MID,WOL,25
655,Gonçalo Manuel Ganchinho Guedes,53,9.4,10,1.2,1.7,a,0.0,MID,WOL,25
656,Hugo Bueno López,45,0.0,0,0.0,0.0,u,0.0,DEF,WOL,25
657,Hwang Hee-chan,61,6.2,7,1.2,0.0,d,0.71,MID,WOL,25
658,Joe Hodge,45,0.0,0,0.0,0.0,u,0.0,MID,WOL,25
659,Ki-Jana Hoever,40,0.0,0,0.0,0.0,u,0.0,DEF,WOL,25
660,João Victor Gomes da Silva,49,29.2,26,2.4,5.0,a,1.07,MID,WOL,25
661,José Malheiro de Sá,43,14.9,13,2.2,3.3,a,1.0,GKP,WOL,25
662,Saša Kalajdžić,48,0.0,0,0.0,0.0,i,0.0,FWD,WOL,25
663,Tom King,40,0.0,0,0.0,0.0,a,0.0,GKP,WOL,25
664,Mario Lemina,50,41.1,34,3.1,2.7,a,1.02,MID,WOL,25
665,Yerson Mosquera,39,16.0,3,0.6,0.0,i,1.02,DEF,WOL,25
666,Nélson Cabral Semedo,45,32.1,17,1.9,2.7,a,1.04,DEF,WOL,25
667,Pedro Cardoso de Lima,40,0.0,0,0.0,0.0,a,0.0,DEF,WOL,25
668,Daniel Castelo Podence,55,0.4,2,1.0,0.0,u,0.0,MID,WOL,25
669,Rodrigo Martins Gomes,52,2.9,6,1.2,0.7,a,0.77,MID,WOL,25
670,Santiago Bueno,43,12.1,10,1.7,2.7,d,1.01,DEF,WOL,25
671,Pablo Sarabia,51,19.4,10,2.2,3.0,d,1.01,MID,WOL,25
672,Jørgen Strand Larsen,56,55.1,45,4.1,3.7,a,1.11,FWD,WOL,25
673,Toti António Gomes,43,18.1,14,1.6,3.3,a,1.1,DEF,WOL,25
674,Bastien Meupiyou,40,0.0,0,0.0,0.0,d,0.0,DEF,WOL,25
675,André Trindade da Costa Neto,50,10.9,8,1.1,0.3,a,1.24,MID,WOL,25
676,Carlos Roberto Forbs Borges,55,6.4,4,0.8,0.3,a,0.5,MID,WOL,25
677,Alfie Pond,39,0.0,0,0.0,0.0,a,0.0,DEF,WOL,25
